    user_id,movie_id,title,genre,rating,mood,activity,time_of_day,day_of_week,Director,Starring,Synopsis
196,242,Kolya (1996),DRAMA,3,Relaxed,Studying,15,Thursday,Jan Svěrák,"Zdeněk Svěrák, Andrej Chalimon",A musician whose wife left him is left to care for a 5-year-old Russian boy named Kolya.
186,302,L.A. Confidential (1997),CRIME|THRILLER|DRAMA,3,Energetic,Partying,19,Saturday,Curtis Hanson,"Kevin Spacey, Russell Crowe, Guy Pearce",As corruption in the police force and Hollywood is exposed, three detectives pursue different paths to uncover the truth.
22,377,Heavyweights (1994),COMEDY|FAMILY,1,Happy,Relaxing,7,Friday,Steven Brill,"Ben Stiller, Aaron Schwartz",A group of kids discover their weight-loss camp is run by a fitness fanatic who makes their lives miserable.
244,51,Legends of the Fall (1994),DRAMA|ROMANCE|WAR,2,Relaxed,Partying,5,Thursday,Edward Zwick,"Brad Pitt, Anthony Hopkins",The lives of three brothers in rural Montana and their father are influenced by destiny, nature, war, and a beautiful woman.
166,346,Jackie Brown (1997),CRIME|DRAMA|THRILLER,1,Relaxed,Relaxing,5,Monday,Quentin Tarantino,"Pam Grier, Samuel L. Jackson",A flight attendant is caught between a gunrunner and the police, leading her to devise a daring plan to walk away with the money.
298,474,Dr. Strangelove or: How I Learned to Stop Worrying and Love the Bomb (1963),COMEDY|WAR,4,Energetic,Relaxing,14,Wednesday,Stanley Kubrick,"Peter Sellers, George C. Scott",An insane general triggers a path to nuclear holocaust that a Soviet ambassador and the President of the United States desperately try to stop.
115,265,"Hunt for Red October, The (1990)",ACTION|THRILLER,2,Happy,Studying,17,Wednesday,John McTiernan,"Sean Connery, Alec Baldwin",An American CIA analyst tries to track a top-of-the-line Soviet nuclear submarine commander who is heading toward U.S. waters.
253,465,"Jungle Book, The (1994)",ADVENTURE|ANIMATION|FAMILY,5,Happy,Working Out,18,Friday,Stephen Sommers,"Jason Scott Lee, Lena Headey",A live-action adaptation following Mowgli, a boy raised in the jungle, as he returns to civilization.
305,451,Grease (1978),MUSICAL|ROMANCE|COMEDY,3,Relaxed,Studying,9,Sunday,Randal Kleiser,"John Travolta, Olivia Newton-John",High schoolers Danny and Sandy try to keep their summer romance alive despite their different cliques.
6,86,"Remains of the Day, The (1993)",DRAMA|ROMANCE,3,Sad,Partying,21,Wednesday,James Ivory,"Anthony Hopkins, Emma Thompson",A devoted butler recalls his life serving a demanding English lord as he reflects on his own emotional sacrifices.
62,257,Men in Black (1997),SCI-FI|ACTION|COMEDY,2,Relaxed,Studying,22,Wednesday,Barry Sonnenfeld,"Will Smith, Tommy Lee Jones",A police officer is recruited by a secret organization that monitors and polices alien activities on Earth.
286,1014,Romy and Michele's High School Reunion (1997),COMEDY,5,Relaxed,Relaxing,15,Monday,David Mirkin,"Mira Sorvino, Lisa Kudrow",Two friends pretend to be successful businesswomen when they attend their high school reunion.
200,222,Star Trek: First Contact (1996),SCI-FI|ACTION|ADVENTURE,5,Relaxed,Relaxing,9,Sunday,Jonathan Frakes,"Patrick Stewart, Jonathan Frakes",The crew of the Enterprise travels back in time to stop the Borg from preventing the first human contact with alien life.
210,40,"To Wong Foo, Thanks for Everything! Julie Newmar (1995)",COMEDY|FANTASY,3,Relaxed,Studying,21,Friday,Beeban Kidron,"Patrick Swayze, Wesley Snipes, John Leguizamo",Three drag queens travel across the country in a beat-up car to compete in the Miss Drag Queen of America pageant.
224,29,Batman Forever (1995),ACTION|ADVENTURE|FANTASY,3,Energetic,Partying,23,Saturday,Joel Schumacher,"Val Kilmer, Jim Carrey",Batman faces off against the dual threat of the Riddler and Two-Face, who are planning to steal Gotham's secrets.
303,785,Only You (1994),ROMANCE|COMEDY,3,Happy,Working Out,5,Friday,Norman Jewison,"Marisa Tomei, Robert Downey Jr.",A young woman travels to Italy to find the man she believes is her soulmate based on a ouija board prediction from her childhood.
122,387,"Age of Innocence, The (1993)",DRAMA|ROMANCE,5,Energetic,Working Out,17,Tuesday,Martin Scorsese,"Daniel Day-Lewis, Michelle Pfeiffer",A successful lawyer in 1870s New York must choose between marrying a conventional woman and pursuing a newly scandalous Countess.
194,274,Sabrina (1995),COMEDY|DRAMA|ROMANCE,2,Energetic,Relaxing,20,Friday,Sydney Pollack,"Harrison Ford, Julia Ormond",A chauffeur's daughter returns from Paris refined and catches the eye of a wealthy bachelor.
291,1042,Just Cause (1995),CRIME|THRILLER,4,Energetic,Working Out,9,Sunday,Arne Glimcher,"Sean Connery, Laurence Fishburne",A Harvard Law professor investigates the case of a man on death row who claims he was forced to confess to murder.
234,1184,"Endless Summer 2, The (1994)",DOCUMENTARY|SPORT,2,Relaxed,Working Out,23,Wednesday,Bruce Brown,"Patrick O'Connell, Robert Weaver",Two young surfers travel the globe in search of the perfect wave, continuing the story of the original "Endless Summer."
119,392,"Man Without a Face, The (1993)",DRAMA,4,Sad,Partying,16,Friday,Mel Gibson,"Mel Gibson, Nick Stahl",A disfigured former teacher helps a young boy study for a military academy entrance exam, forming an unexpected bond.
167,486,Sabrina (1954),ROMANCE|COMEDY,4,Happy,Working Out,14,Thursday,Billy Wilder,"Audrey Hepburn, Humphrey Bogart",The original classic about a chauffeur's daughter who returns home sophisticated and captures the attention of two brothers.
299,144,Die Hard (1988),ACTION|THRILLER,4,Sad,Studying,15,Sunday,John McTiernan,"Bruce Willis, Alan Rickman",A New York cop must save his wife and several others taken hostage by German terrorists during a Christmas party in an L.A. skyscraper.
291,118,Twister (1996),ACTION|ADVENTURE|THRILLER,2,Energetic,Partying,9,Sunday,Jan de Bont,"Helen Hunt, Bill Paxton",Two storm chasers pursue violent tornadoes in Oklahoma to test an experimental weather device.
308,1,Toy Story (1995),ANIMATION|COMEDY|FAMILY,4,Energetic,Studying,17,Tuesday,John Lasseter,"Tom Hanks, Tim Allen",A cowboy doll feels threatened and jealous when a new spaceman figure supplants him as a boy's favorite toy.
95,546,Broken Arrow (1996),ACTION|THRILLER,2,Sad,Relaxing,21,Monday,John Woo,"John Travolta, Christian Slater",Two Air Force pilots are involved in a nuclear weapons heist, turning partners into rivals in a high-stakes chase.
38,95,Aladdin (1992),ANIMATION|FAMILY|MUSICAL,5,Sad,Partying,1,Monday,Ron Clements,John Musker,"Scott Weinger, Robin Williams",A street urchin and a genie team up to defeat an evil vizier and win the love of a princess.
102,768,Casper (1995),FANTASY|COMEDY|FAMILY,2,Sad,Working Out,13,Friday,Brad Silberling,"Christina Ricci, Bill Pullman",A friendly ghost who haunts a manor falls in love with the daughter of a ghost therapist hired to rid the house of its spirits.
63,277,Restoration (1995),DRAMA|ROMANCE,4,Energetic,Partying,23,Wednesday,Michael Hoffman,"Robert Downey Jr., Sam Neill",A 17th-century physician falls from grace after an ill-advised marriage and must rebuild his life and reputation.
160,234,Jaws (1975),HORROR|THRILLER|ADVENTURE,5,Energetic,Relaxing,20,Tuesday,Steven Spielberg,"Roy Scheider, Robert Shaw",A police chief, a marine biologist, and an old fisherman hunt a massive great white shark terrorizing a beach town.
50,246,Chasing Amy (1997),ROMANCE|COMEDY|DRAMA,3,Happy,Studying,1,Friday,Kevin Smith,"Ben Affleck, Joey Lauren Adams",A comic book artist falls for a fellow artist but must contend with her past relationships.
301,98,"Silence of the Lambs, The (1991)",CRIME|DRAMA|THRILLER|HORROR,4,Happy,Relaxing,5,Sunday,Jonathan Demme,"Jodie Foster, Anthony Hopkins",A young FBI trainee must seek the help of an imprisoned, manipulative cannibal to catch a serial killer.
225,193,"Right Stuff, The (1983)",DRAMA|HISTORY,4,Energetic,Partying,20,Friday,Philip Kaufman,"Sam Shepard, Scott Glenn",The story of the original Mercury 7 astronauts and their journey to become pioneers of the U.S. space program.
290,88,Sleepless in Seattle (1993),ROMANCE|COMEDY,4,Sad,Studying,15,Friday,Nora Ephron,"Tom Hanks, Meg Ryan",A boy calls a radio show hoping to find a new partner for his widowed father, capturing the attention of a writer across the country.
97,194,"Sting, The (1973)",CRIME|DRAMA|COMEDY,3,Sad,Studying,5,Thursday,George Roy Hill,"Robert Redford, Paul Newman",Two professional con men plan an elaborate "long con" on a mob boss to avenge the death of their friend.
157,274,Sabrina (1995),COMEDY|DRAMA|ROMANCE,4,Happy,Partying,22,Saturday,Sydney Pollack,"Harrison Ford, Julia Ormond",A chauffeur's daughter returns from Paris refined and catches the eye of a wealthy bachelor.
181,1081,Curdled (1996),HORROR|COMEDY,1,Energetic,Relaxing,4,Saturday,Reb Braddock,"Angela Jones, William Baldwin",A woman obsessed with murder ends up working cleaning up the aftermath of violent crimes.
278,603,Rear Window (1954),MYSTERY|THRILLER,5,Happy,Working Out,22,Monday,Alfred Hitchcock,"James Stewart, Grace Kelly",A photographer confined to a wheelchair spies on his neighbors and becomes convinced one of them has committed murder.
276,796,Speechless (1994),COMEDY|ROMANCE,1,Happy,Relaxing,21,Saturday,Ron Underwood,"Michael Keaton, Geena Davis",Two political speechwriters working for opposing candidates fall in love.
7,32,Crumb (1994),DOCUMENTARY|BIOGRAPHY,4,Relaxed,Working Out,13,Tuesday,Terry Zwigoff,"Robert Crumb, Charles Crumb",A documentary portrait of underground cartoonist Robert Crumb and his eccentric family.
10,16,French Twist (Gazon maudit) (1995),COMEDY|ROMANCE,4,Relaxed,Relaxing,18,Sunday,Josiane Balasko,"Victoria Abril, Josiane Balasko",A woman suspects her husband is having an affair and unexpectedly begins an affair with a free-spirited female drifter.
284,304,Fly Away Home (1996),ADVENTURE|FAMILY,4,Relaxed,Partying,20,Tuesday,Carroll Ballard,"Anna Paquin, Jeff Daniels",A young girl finds a nest of orphaned geese and helps lead them south for the winter using a small plane.
201,979,"Trigger Effect, The (1996)",THRILLER|SCI-FI,2,Sad,Relaxing,19,Tuesday,David Koepp,"Kyle MacLachlan, Elisabeth Shue",A sudden, widespread power outage causes society to slowly unravel, pushing a couple to desperate measures.
276,564,Tales from the Hood (1995),HORROR|CRIME,3,Energetic,Relaxing,21,Saturday,Rusty Cundieff,"Clarence Williams III, Joe Torry",A funeral director recounts four cautionary tales of horror to three drug dealers who have come to purchase drugs from him.
287,327,Cop Land (1997),CRIME|DRAMA|THRILLER,5,Energetic,Partying,4,Saturday,James Mangold,"Sylvester Stallone, Harvey Keitel",A sheriff in a small New Jersey town populated by New York City police officers must confront corruption among his neighbors.
246,201,Evil Dead II (1987),HORROR|COMEDY,5,Energetic,Partying,3,Friday,Sam Raimi,"Bruce Campbell, Sarah Berry",The continuation of a man's battle against demonic forces unleashed by the Necronomicon in a remote cabin.
242,1137,Beautiful Thing (1996),DRAMA|ROMANCE,5,Energetic,Studying,4,Monday,Hettie Macdonald,"Glen Berry, Scott Neal",Two teenage boys living in a South East London housing estate explore their growing feelings for each other.
249,241,"Last of the Mohicans, The (1992)",ACTION|DRAMA|ROMANCE,5,Relaxed,Relaxing,0,Sunday,Michael Mann,"Daniel Day-Lewis, Madeleine Stowe",A frontiersman and his adoptive native family become entangled in the French and Indian War.
99,4,Get Shorty (1995),COMEDY|CRIME,5,Sad,Partying,15,Tuesday,Barry Sonnenfeld,"John Travolta, Gene Hackman",A Miami loan shark chases a debt to Hollywood, where he realizes he prefers the movie business.
178,332,Kiss the Girls (1997),CRIME|DRAMA|THRILLER,3,Sad,Partying,20,Monday,Gary Fleder,"Morgan Freeman, Ashley Judd",A detective and a doctor team up to find two women kidnapped by a serial killer who collects women.
251,100,Fargo (1996),CRIME|DRAMA|THRILLER,4,Relaxed,Studying,18,Saturday,Joel Coen,"Frances McDormand, William H. Macy",A struggling car salesman hires two men to kidnap his own wife to collect ransom money, leading to a series of escalating crimes.
81,432,Fantasia (1940),ANIMATION|FAMILY|MUSIC,2,Sad,Partying,1,Saturday,James Algar,Samuel Armstrong,"Leopold Stokowski, Deems Taylor",Animated segments set to classical music pieces.
260,322,Murder at 1600 (1997),ACTION|CRIME|MYSTERY,4,Relaxed,Studying,2,Monday,Dwight H. Little,"Wesley Snipes, Diane Lane",A Washington D.C. police detective investigates a murder at the White House that is quickly covered up.
25,181,Return of the Jedi (1983),SCI-FI|ADVENTURE|ACTION,5,Energetic,Partying,22,Monday,Richard Marquand,"Mark Hamill, Harrison Ford, Carrie Fisher",Luke Skywalker and the Rebel Alliance battle the Empire in the final confrontation.
59,196,Dead Poets Society (1989),DRAMA,5,Relaxed,Studying,3,Monday,Peter Weir,"Robin Williams, Ethan Hawke",An unconventional English teacher inspires his students at a conservative prep school to "seize the day."
72,679,Conan the Barbarian (1981),ADVENTURE|FANTASY|ACTION,2,Energetic,Relaxing,14,Thursday,John Milius,"Arnold Schwarzenegger, James Earl Jones",A boy raised as a warrior seeks vengeance on the warlord who enslaved his people and killed his parents.
87,384,Naked Gun 33 1/3: The Final Insult (1994),COMEDY|CRIME,4,Energetic,Partying,18,Tuesday,Peter Segal,"Leslie Nielsen, Priscilla Presley",Police lieutenant Frank Drebin returns from retirement to thwart a bomb threat at the Academy Awards.
290,143,"Sound of Music, The (1965)",MUSICAL|FAMILY|DRAMA,5,Happy,Partying,16,Tuesday,Robert Wise,"Julie Andrews, Christopher Plummer",A young woman leaves a convent to work as a governess to the children of a naval officer and brings music and joy back to the family.
42,423,E.T. the Extra-Terrestrial (1982),SCI-FI|FAMILY,5,Relaxed,Relaxing,0,Wednesday,Steven Spielberg,"Henry Thomas, Drew Barrymore",A lonely boy befriends an extraterrestrial stranded on Earth and must help him find a way home while avoiding the government.
292,515,"Boot, Das (1981)",DRAMA|WAR,4,Happy,Relaxing,23,Tuesday,Wolfgang Petersen,"Jürgen Prochnow, Herbert Grönemeyer",A claustrophobic look at the harrowing, day-to-day life of a German U-boat crew during WWII.
115,20,Angels and Insects (1995),DRAMA|ROMANCE,3,Relaxed,Relaxing,17,Wednesday,Philip Haas,"Mark Rylance, Kristin Scott Thomas",A Victorian entomologist marries into an aristocratic family and witnesses the dark secrets and passions beneath their polite facade.
20,288,Scream (1996),HORROR|MYSTERY,1,Relaxed,Studying,8,Sunday,Wes Craven,"Neve Campbell, Courteney Cox",A year after her mother's death, a high school girl and her friends become the targets of a serial killer in a Ghostface mask.
201,219,"Nightmare on Elm Street, A (1984)",HORROR|FANTASY,4,Happy,Partying,18,Tuesday,Wes Craven,"Heather Langenkamp, Robert Englund",Teenagers are stalked and murdered in their dreams by the razor-gloved killer Freddy Krueger.
13,526,Ben-Hur (1959),ADVENTURE|DRAMA|HISTORY,3,Happy,Partying,23,Sunday,William Wyler,"Charlton Heston, Jack Hawkins",A Jewish prince is betrayed and sent into slavery by a Roman friend, leading to a quest for vengeance.
246,919,"City of Lost Children, The (1995)",SCI-FI|FANTASY,4,Relaxed,Working Out,3,Friday,Marc Caro,Jean-Pierre Jeunet,"Ron Perlman, Daniel Emilfork",A mad scientist on a oil rig steals the dreams of children to stop himself from aging.
138,26,"Brothers McMullen, The (1995)",COMEDY|DRAMA,5,Sad,Working Out,21,Saturday,Edward Burns,"Edward Burns, Mike McGlone",Three Irish-American brothers in New York struggle with their relationships, marriage, and commitment.
167,232,Young Guns (1988),WESTERN|ACTION,1,Energetic,Partying,14,Thursday,Christopher Cain,"Emilio Estevez, Kiefer Sutherland",Billy the Kid and his fellow ranch hands take up arms against their employer's killer.
60,427,To Kill a Mockingbird (1962),DRAMA|MYSTERY,5,Happy,Studying,16,Sunday,Robert Mulligan,"Gregory Peck, Mary Badham",An attorney in the Depression-era South defends a black man falsely accused of raping a white woman.
57,304,Fly Away Home (1996),ADVENTURE|FAMILY,5,Energetic,Studying,23,Thursday,Carroll Ballard,"Anna Paquin, Jeff Daniels",A young girl finds a nest of orphaned geese and helps lead them south for the winter using a small plane.
223,274,Sabrina (1995),COMEDY|DRAMA|ROMANCE,4,Sad,Working Out,20,Thursday,Sydney Pollack,"Harrison Ford, Julia Ormond",A chauffeur's daughter returns from Paris refined and catches the eye of a wealthy bachelor.
189,512,Wings of Desire (1987),DRAMA|FANTASY,4,Sad,Working Out,20,Wednesday,Wim Wenders,"Bruno Ganz, Solveig Dommartin",Two angels observe the human condition in Berlin, but one decides he wants to experience life as a mortal.
243,15,Mr. Holland's Opus (1995),DRAMA|MUSIC,3,Sad,Working Out,0,Thursday,Stephen Herek,"Richard Dreyfuss, Glenne Headly",A frustrated composer takes a job as a high school music teacher to support his family, only to find his life's passion there.
92,1049,House Arrest (1996),COMEDY|FAMILY,1,Happy,Working Out,20,Wednesday,Harry Winer,"Jamie Lee Curtis, Kevin Pollak",Two kids lock their feuding parents in the basement until they decide to work out their marital problems.
246,416,Old Yeller (1957),DRAMA|FAMILY,3,Sad,Working Out,3,Friday,Robert Stevenson,"Dorothy McGuire, Fess Parker",A teenage boy is left in charge of his family's farm and reluctantly adopts a stray dog, Old Yeller.
194,165,Jean de Florette (1986),DRAMA,4,Happy,Relaxing,22,Friday,Claude Berri,"Yves Montand, Gérard Depardieu",A hunchback attempts to cultivate his newly inherited farm land, unaware that his greedy neighbors are sabotaging his water supply.
241,690,Seven Years in Tibet (1997),ADVENTURE|DRAMA|WAR,2,Sad,Partying,2,Thursday,Jean-Jacques Annaud,"Brad Pitt, David Thewlis",Austrian climber Heinrich Harrer travels to Tibet during WWII and befriends the Dalai Lama.
178,248,Grosse Pointe Blank (1997),COMEDY|CRIME,4,Energetic,Partying,20,Monday,George Armitage,"John Cusack, Minnie Driver",A hitman attends his 10-year high school reunion in his hometown, where he deals with old flames and rival assassins.
254,1444,That Darn Cat! (1965),COMEDY|FAMILY,3,Energetic,Working Out,3,Tuesday,Robert Stevenson,"Hayley Mills, Dean Jones",A bored teenager's cat leads her to clues about a bank robbery and kidnapping.
293,5,Copycat (1995),CRIME|THRILLER,3,Relaxed,Partying,6,Tuesday,Jon Amiel,"Sigourney Weaver, Holly Hunter",An agoraphobic expert on serial killers is targeted by a copycat murderer.
127,229,Star Trek III: The Search for Spock (1984),SCI-FI|ACTION|ADVENTURE,5,Energetic,Partying,16,Friday,Leonard Nimoy,"William Shatner, Leonard Nimoy",Admiral Kirk and his crew steal the Enterprise to return to the Genesis planet to search for Spock's body.
225,237,Jerry Maguire (1996),DRAMA|ROMANCE|COMEDY,5,Relaxed,Relaxing,20,Friday,Cameron Crowe,"Tom Cruise, Cuba Gooding Jr.",A sports agent questions his job and is fired, leading him to start his own agency with only one client.
299,229,Star Trek III: The Search for Spock (1984),SCI-FI|ACTION|ADVENTURE,3,Energetic,Relaxing,6,Thursday,Leonard Nimoy,"William Shatner, Leonard Nimoy",Admiral Kirk and his crew steal the Enterprise to return to the Genesis planet to search for Spock's body.
225,480,North by Northwest (1959),THRILLER|MYSTERY|ADVENTURE,5,Happy,Studying,20,Friday,Alfred Hitchcock,"Cary Grant, Eva Marie Saint",An advertising executive is mistaken for a government agent by foreign spies and pursues the truth across the country.
276,54,Outbreak (1995),THRILLER|DRAMA,3,Energetic,Studying,21,Saturday,Wolfgang Petersen,"Dustin Hoffman, Rene Russo",U.S. Army doctors race against time to find a cure for a deadly virus outbreak threatening a California town.
291,144,Die Hard (1988),ACTION|THRILLER,5,Relaxed,Working Out,9,Sunday,John McTiernan,"Bruce Willis, Alan Rickman",A New York cop must save his wife and several others taken hostage by German terrorists during a Christmas party in an L.A. skyscraper.
222,366,Dangerous Minds (1995),DRAMA,4,Relaxed,Studying,3,Thursday,John N. Smith,"Michelle Pfeiffer, George Dzundza",A former Marine becomes a high school teacher in a rough inner-city school and uses unconventional methods to connect with her students.
267,518,Miller's Crossing (1990),CRIME|DRAMA|THRILLER,5,Sad,Working Out,6,Saturday,Joel Coen,"Gabriel Byrne, Marcia Gay Harden",A mobster's advisor tries to keep the peace between two rival gangs but finds himself in a complicated double-cross.
42,403,Batman (1989),ACTION|FANTASY,3,Happy,Studying,0,Wednesday,Tim Burton,"Michael Keaton, Jack Nicholson",The first modern Batman film, where the Dark Knight battles the villainous Joker for control of Gotham City.
11,111,"Truth About Cats & Dogs, The (1996)",COMEDY|ROMANCE,4,Energetic,Partying,23,Monday,Michael Lehmann,"Uma Thurman, Janeane Garofalo",A radio host convinces her shy neighbor to stand in for her on a blind date with a handsome listener.
95,625,"Sword in the Stone, The (1963)",ANIMATION|FAMILY|FANTASY,4,Sad,Partying,19,Tuesday,Wolfgang Reitherman,"Rickie Sorensen, Karl Swenson",A young Arthur learns lessons about life and royalty from the wizard Merlin.
87,1016,Con Air (1997),ACTION|THRILLER,4,Sad,Partying,18,Tuesday,Simon West,"Nicolas Cage, John Cusack",A transport plane carrying some of the world's most dangerous criminals is hijacked, forcing a newly released soldier to fight to survive.
279,154,Monty Python's Life of Brian (1979),COMEDY|FANTASY,5,Sad,Working Out,17,Friday,Terry Jones,"Graham Chapman, John Cleese",Brian is born in a stable next door to Jesus and is subsequently mistaken for the Messiah.
145,275,Sense and Sensibility (1995),DRAMA|ROMANCE,2,Sad,Partying,12,Friday,Ang Lee,"Emma Thompson, Kate Winslet",Two sisters of different temperaments navigate love, loss, and societal expectations after their father's death.
119,1153,Backbeat (1993),DRAMA|MUSIC,5,Sad,Studying,18,Saturday,Iain Softley,"Stephen Dorff, Ian Hart",The story of the early days of The Beatles in Hamburg, focusing on the friendship between John Lennon and original bassist Stuart Sutcliffe.
62,498,"African Queen, The (1951)",ADVENTURE|ROMANCE|WAR,4,Sad,Partying,22,Wednesday,John Huston,"Humphrey Bogart, Katharine Hepburn",A drunken captain and a prim missionary travel down a river during WWI, developing an unexpected romance.
62,382,"Adventures of Priscilla, Queen of the Desert, The (1994)",COMEDY|MUSICAL,3,Energetic,Working Out,22,Wednesday,Stephan Elliott,"Hugo Weaving, Guy Pearce, Terence Stamp",Three drag performers travel across the Australian Outback in a bus named Priscilla.
28,209,This Is Spinal Tap (1984),COMEDY|MUSIC,4,Sad,Studying,21,Friday,Rob Reiner,"Rob Reiner, Michael McKean",A documentary crew follows the fictional British heavy metal band Spinal Tap on their disastrous American tour.
135,23,Taxi Driver (1976),CRIME|DRAMA,4,Happy,Working Out,12,Tuesday,Martin Scorsese,"Robert De Niro, Jodie Foster",A disturbed Vietnam veteran works as a night taxi driver in New York City and descends into isolation and violence.
32,294,Liar Liar (1997),COMEDY|FANTASY,3,Relaxed,Partying,2,Friday,Tom Shadyac,"Jim Carrey, Maura Tierney",A lawyer who constantly lies finds he can't lie for 24 hours after his son makes a birthday wish.
90,382,"Adventures of Priscilla, Queen of the Desert, The (1994)",COMEDY|MUSICAL,5,Sad,Partying,22,Tuesday,Stephan Elliott,"Hugo Weaving, Guy Pearce, Terence Stamp",Three drag performers travel across the Australian Outback in a bus named Priscilla.
286,208,Young Frankenstein (1974),COMEDY|HORROR,4,Sad,Partying,14,Wednesday,Mel Brooks,"Gene Wilder, Peter Boyle",The grandson of the infamous Dr. Frankenstein tries to prove his grandfather was not crazy by continuing his work.
293,685,Executive Decision (1996),ACTION|THRILLER,3,Energetic,Relaxing,6,Tuesday,Stuart Baird,"Kurt Russell, Steven Seagal",A team of soldiers and a consultant sneak onto a hijacked plane in mid-air to defuse a bomb.
216,144,Die Hard (1988),ACTION|THRILLER,4,Sad,Working Out,21,Saturday,John McTiernan,"Bruce Willis, Alan Rickman",A New York cop must save his wife and several others taken hostage by German terrorists during a Christmas party in an L.A. skyscraper.
271,132,"Wizard of Oz, The (1939)",FANTASY|ADVENTURE|MUSICAL,5,Energetic,Relaxing,21,Monday,Victor Fleming,"Judy Garland, Frank Morgan",A young girl is transported to a magical land and must follow the yellow brick road to find the Wizard.
160,174,Raiders of the Lost Ark (1981),ADVENTURE|ACTION,5,Sad,Relaxing,20,Tuesday,Steven Spielberg,"Harrison Ford, Karen Allen",Archaeologist Indiana Jones races against the Nazis to find the Ark of the Covenant.
265,118,Twister (1996),ACTION|ADVENTURE|THRILLER,4,Relaxed,Working Out,0,Saturday,Jan de Bont,"Helen Hunt, Bill Paxton",Two storm chasers pursue violent tornadoes in Oklahoma to test an experimental weather device.
198,498,"African Queen, The (1951)",ADVENTURE|ROMANCE|WAR,3,Energetic,Partying,21,Wednesday,John Huston,"Humphrey Bogart, Katharine Hepburn",A drunken captain and a prim missionary travel down a river during WWI, developing an unexpected romance.
42,96,Terminator 2: Judgment Day (1991),SCI-FI|ACTION,5,Relaxed,Working Out,23,Tuesday,James Cameron,"Arnold Schwarzenegger, Linda Hamilton",A terminator is sent back in time to protect John Connor from a more advanced, liquid-metal terminator.
168,151,Willy Wonka and the Chocolate Factory (1971),FANTASY|FAMILY|MUSICAL,5,Energetic,Partying,19,Thursday,Mel Stuart,"Gene Wilder, Jack Albertson",A poor boy wins a tour of the most magnificent chocolate factory in the world.
110,307,"Devil's Advocate, The (1997)",DRAMA|THRILLER|HORROR,4,Sad,Partying,1,Monday,Taylor Hackford,"Keanu Reeves, Al Pacino",A successful young lawyer takes a job at a prestigious New York law firm, unaware that the owner is the Devil himself.
58,144,Die Hard (1988),ACTION|THRILLER,4,Relaxed,Partying,0,Friday,John McTiernan,"Bruce Willis, Alan Rickman",A New York cop must save his wife and several others taken hostage by German terrorists during a Christmas party in an L.A. skyscraper.
90,648,"Quiet Man, The (1952)",ROMANCE|COMEDY|DRAMA,4,Energetic,Relaxing,22,Tuesday,John Ford,"John Wayne, Maureen O'Hara",An Irish-American boxer returns to his birthplace in Ireland and buys back his family's cottage, falling for a local woman.
271,346,Jackie Brown (1997),CRIME|DRAMA|THRILLER,4,Happy,Working Out,19,Monday,Quentin Tarantino,"Pam Grier, Samuel L. Jackson",A flight attendant is caught between a gunrunner and the police, leading her to devise a daring plan to walk away with the money.
62,21,Muppet Treasure Island (1996),FAMILY|MUSICAL|COMEDY,3,Sad,Working Out,22,Wednesday,Brian Henson,"Tim Curry, Billy Connolly",The Muppets adapt the classic Robert Louis Stevenson novel.
279,832,Bogus (1996),FANTASY|FAMILY,3,Energetic,Working Out,2,Saturday,Norman Jewison,"Whoopi Goldberg, Gérard Depardieu",A boy whose mother dies invents an imaginary friend named Bogus to help him cope with his new life.
237,514,Annie Hall (1977),COMEDY|ROMANCE,4,Happy,Studying,23,Wednesday,Woody Allen,"Woody Allen, Diane Keaton",Comedian Alvy Singer examines the failure of his relationship with Annie Hall.
94,789,Swimming with Sharks (1995),COMEDY|DRAMA,4,Energetic,Studying,20,Saturday,George Huang,"Kevin Spacey, Frank Whaley",A young assistant endures endless verbal abuse from his powerful, sadistic studio executive boss.
128,485,My Fair Lady (1964),MUSICAL|ROMANCE,3,Happy,Relaxing,19,Wednesday,George Cukor,"Audrey Hepburn, Rex Harrison",A phonetics professor attempts to transform a lower-class flower girl into a lady.
298,317,In the Name of the Father (1993),DRAMA|BIOGRAPHY,4,Sad,Relaxing,14,Wednesday,Jim Sheridan,"Daniel Day-Lewis, Pete Postlethwaite",A man wrongly convicted of an IRA bombing fights to clear his name and expose the miscarriage of justice.
44,195,"Terminator, The (1984)",SCI-FI|ACTION|THRILLER,5,Relaxed,Relaxing,1,Saturday,James Cameron,"Arnold Schwarzenegger, Linda Hamilton",A cyborg assassin is sent back in time to kill the woman whose unborn son will save humanity from the machines.
264,200,"Shining, The (1980)",HORROR|DRAMA,5,Happy,Working Out,1,Friday,Stanley Kubrick,"Jack Nicholson, Shelley Duvall",A family stays in an isolated hotel for the winter, where an evil presence drives the father to violence.
194,385,True Lies (1994),ACTION|COMEDY,2,Energetic,Working Out,16,Friday,James Cameron,"Arnold Schwarzenegger, Jamie Lee Curtis",A secret agent leads a double life as a salesman, which leads to complications when his wife suspects he's having an affair.
72,195,"Terminator, The (1984)",SCI-FI|ACTION|THRILLER,5,Sad,Partying,14,Thursday,James Cameron,"Arnold Schwarzenegger, Linda Hamilton",A cyborg assassin is sent back in time to kill the woman whose unborn son will save humanity from the machines.
222,750,Amistad (1997),DRAMA|HISTORY,5,Happy,Working Out,8,Saturday,Steven Spielberg,"Djimon Hounsou, Matthew McConaughey",The story of the 1839 mutiny aboard the Spanish slave ship La Amistad.
250,264,Mimic (1997),SCI-FI|HORROR,3,Energetic,Relaxing,1,Wednesday,Guillermo del Toro,"Mira Sorvino, Jeremy Northam",A team of scientists creates a new insect species to kill cockroaches, but the creatures evolve rapidly and become human predators.
41,265,"Hunt for Red October, The (1990)",ACTION|THRILLER,3,Energetic,Relaxing,21,Monday,John McTiernan,"Sean Connery, Alec Baldwin",An American CIA analyst tries to track a top-of-the-line Soviet nuclear submarine commander who is heading toward U.S. waters.
224,245,"Devil's Own, The (1997)",ACTION|CRIME|DRAMA,3,Energetic,Partying,17,Saturday,Alan J. Pakula,"Harrison Ford, Brad Pitt",An NYPD officer unknowingly shelters an IRA terrorist wanted for murder.
82,135,2001: A Space Odyssey (1968),SCI-FI|ADVENTURE,3,Happy,Studying,22,Wednesday,Stanley Kubrick,"Keir Dullea, Gary Lockwood",Mankind discovers a mysterious black monolith, leading to a space journey and an encounter with the sentient computer HAL 9000.
262,1147,My Family (1995),DRAMA,4,Happy,Working Out,18,Monday,Gregory Nava,"Jimmy Smits, Edward James Olmos",Three generations of a Mexican-American family live out their lives in East Los Angeles.
293,471,Courage Under Fire (1996),WAR|DRAMA,3,Happy,Working Out,6,Tuesday,Edward Zwick,"Denzel Washington, Meg Ryan",A US Army officer investigates the case of a captain nominated for the Medal of Honor, uncovering conflicting accounts of her bravery.
216,658,Pump Up the Volume (1990),COMEDY|DRAMA,3,Relaxed,Studying,0,Sunday,Allan Moyle,"Christian Slater, Samantha Mathis",A shy high school student secretly runs a pirate radio station, broadcasting provocative, anti-establishment messages.
250,140,Homeward Bound: The Incredible Journey (1993),ADVENTURE|FAMILY,3,Happy,Relaxing,2,Wednesday,Duwayne Dunham,"Michael J. Fox, Sally Field (voices)",Three pets believe they have been abandoned by their owners and set out on a journey across the American wilderness to find them.
59,23,Taxi Driver (1976),CRIME|DRAMA,5,Happy,Relaxing,3,Monday,Martin Scorsese,"Robert De Niro, Jodie Foster",A disturbed Vietnam veteran works as a night taxi driver in New York City and descends into isolation and violence.
286,379,Tales From the Crypt Presents: Demon Knight (1995),HORROR|COMEDY,5,Happy,Relaxing,15,Wednesday,Ernest Dickerson,"Billy Zane, William Sadler",A demon traps several people inside a boarding house in an attempt to recover a key needed to unlock a supernatural evil.
244,815,One Fine Day (1996),ROMANCE|COMEDY,4,Relaxed,Working Out,4,Thursday,Michael Hoffman,"Michelle Pfeiffer, George Clooney",Two single working parents who dislike each other are forced to spend a frantic day together trying to juggle their careers and kids.
7,479,Vertigo (1958),MYSTERY|ROMANCE|THRILLER,4,Happy,Studying,13,Tuesday,Alfred Hitchcock,"James Stewart, Kim Novak",A detective suffering from acrophobia investigates a beautiful woman obsessed with a dead relative.
174,368,Bio-Dome (1996),COMEDY,1,Energetic,Studying,15,Monday,Jason Bloom,"Pauly Shore, Stephen Baldwin",Two dimwitted friends accidentally get sealed inside a controlled environmental living experiment.
87,274,Sabrina (1995),COMEDY|DRAMA|ROMANCE,4,Happy,Relaxing,18,Tuesday,Sydney Pollack,"Harrison Ford, Julia Ormond",A chauffeur's daughter returns from Paris refined and catches the eye of a wealthy bachelor.
194,1211,Blue Sky (1994),DRAMA|ROMANCE,2,Energetic,Working Out,23,Friday,Tony Richardson,"Jessica Lange, Tommy Lee Jones",The life of an unstable but beautiful military wife during the 1960s.
82,1134,Get on the Bus (1996),DRAMA,2,Energetic,Studying,18,Tuesday,Spike Lee,"Ossie Davis, Charles S. Dutton",Fifteen black men travel from Los Angeles to Washington D.C. to participate in the Million Man March.
13,836,Ninotchka (1939),COMEDY|ROMANCE,2,Energetic,Working Out,22,Sunday,Ernst Lubitsch,"Greta Garbo, Melvyn Douglas",A severe Soviet envoy is sent to Paris to sell jewels and finds herself unexpectedly falling for a charming French count.
13,272,Good Will Hunting (1997),DRAMA|ROMANCE,4,Relaxed,Partying,17,Sunday,Gus Van Sant,"Matt Damon, Robin Williams",A young genius working as a janitor is forced to seek counseling and discovers the path to his true potential.
244,756,Father of the Bride Part II (1995),COMEDY|FAMILY,2,Relaxed,Relaxing,4,Thursday,Charles Shyer,"Steve Martin, Diane Keaton",A middle-aged man deals with his daughter's pregnancy and his wife's unexpected pregnancy at the same time.
305,427,To Kill a Mockingbird (1962),DRAMA|MYSTERY,5,Relaxed,Relaxing,8,Sunday,Robert Mulligan,"Gregory Peck, Mary Badham",An attorney in the Depression-era South defends a black man falsely accused of raping a white woman.
95,787,Roommates (1995),COMEDY|DRAMA,2,Happy,Partying,19,Tuesday,Peter Yates,"Peter Falk, D.B. Sweeney",A young man's life is chronicled through his relationship with his eccentric, long-lived grandfather.
43,14,"Postino, Il (1994)",DRAMA|ROMANCE,2,Energetic,Studying,23,Sunday,Michael Radford,"Philippe Noiret, Massimo Troisi",A simple postman in Italy falls in love after befriending the famous Chilean poet Pablo Neruda.
299,955,Before Sunrise (1995),ROMANCE|DRAMA,4,Relaxed,Relaxing,4,Tuesday,Richard Linklater,"Ethan Hawke, Julie Delpy",Two strangers meet on a train and decide to spend one night together in Vienna.
57,419,Mary Poppins (1964),MUSICAL|FANTASY|FAMILY,3,Relaxed,Studying,23,Thursday,Robert Stevenson,"Julie Andrews, Dick Van Dyke",A magical nanny is hired by a stern banker to look after his two children in London.
84,405,Mission: Impossible (1996),ACTION|ADVENTURE|THRILLER,3,Happy,Relaxing,3,Tuesday,Brian De Palma,"Tom Cruise, Jon Voight",An American agent goes rogue after a mission goes wrong and tries to clear his name.
269,504,Bonnie and Clyde (1967),CRIME|DRAMA,4,Relaxed,Partying,16,Wednesday,Arthur Penn,"Warren Beatty, Faye Dunaway",The story of notorious bank robbers Bonnie Parker and Clyde Barrow during the Great Depression.
299,111,"Truth About Cats & Dogs, The (1996)",COMEDY|ROMANCE,3,Happy,Partying,15,Sunday,Michael Lehmann,"Uma Thurman, Janeane Garofalo",A radio host convinces her shy neighbor to stand in for her on a blind date with a handsome listener.
194,466,Red Rock West (1992),CRIME|THRILLER,4,Sad,Studying,16,Friday,John Dahl,"Nicolas Cage, Dennis Hopper",A drifter is mistaken for a hitman and gets drawn into a complex web of deceit in a small town.
160,135,2001: A Space Odyssey (1968),SCI-FI|ADVENTURE,4,Relaxed,Relaxing,20,Tuesday,Stanley Kubrick,"Keir Dullea, Gary Lockwood",Mankind discovers a mysterious black monolith, leading to a space journey and an encounter with the sentient computer HAL 9000.
99,268,Chasing Amy (1997),ROMANCE|COMEDY|DRAMA,3,Sad,Relaxing,21,Saturday,Kevin Smith,"Ben Affleck, Joey Lauren Adams",A comic book artist falls for a fellow artist but must contend with her past relationships.
10,486,Sabrina (1954),ROMANCE|COMEDY,4,Happy,Working Out,17,Sunday,Billy Wilder,"Audrey Hepburn, Humphrey Bogart",The original classic about a chauffeur's daughter who returns home sophisticated and captures the attention of two brothers.
259,117,"Rock, The (1996)",ACTION|THRILLER,4,Energetic,Working Out,3,Saturday,Michael Bay,"Sean Connery, Nicolas Cage",A chemist and a former convict team up to infiltrate Alcatraz and stop a marine general who threatens to bomb San Francisco.
85,427,To Kill a Mockingbird (1962),DRAMA|MYSTERY,3,Relaxed,Relaxing,21,Thursday,Robert Mulligan,"Gregory Peck, Mary Badham",An attorney in the Depression-era South defends a black man falsely accused of raping a white woman.
303,919,"City of Lost Children, The (1995)",SCI-FI|FANTASY,4,Happy,Studying,0,Friday,Marc Caro,Jean-Pierre Jeunet,"Ron Perlman, Daniel Emilfork",A mad scientist on a oil rig steals the dreams of children to stop himself from aging.
213,273,Heat (1995),CRIME|DRAMA|THRILLER,5,Energetic,Partying,2,Friday,Michael Mann,"Al Pacino, Robert De Niro",A detective hunts a ruthless professional thief and his crew, leading to a fateful confrontation.
121,514,Annie Hall (1977),COMEDY|ROMANCE,3,Energetic,Relaxing,23,Tuesday,Woody Allen,"Woody Allen, Diane Keaton",Comedian Alvy Singer examines the failure of his relationship with Annie Hall.
90,98,"Silence of the Lambs, The (1991)",CRIME|DRAMA|THRILLER|HORROR,5,Sad,Working Out,22,Tuesday,Jonathan Demme,"Jodie Foster, Anthony Hopkins",A young FBI trainee must seek the help of an imprisoned, manipulative cannibal to catch a serial killer.
49,559,Interview with the Vampire (1994),HORROR|DRAMA,2,Happy,Partying,13,Saturday,Neil Jordan,"Tom Cruise, Brad Pitt",A vampire tells his life story, starting with his transformation into a creature of the night.
42,794,It Could Happen to You (1994),ROMANCE|COMEDY,3,Energetic,Studying,0,Wednesday,Andrew Bergman,"Nicolas Cage, Bridget Fonda",A kindhearted cop promises to split his lottery winnings with a waitress in lieu of a tip.
155,323,Dante's Peak (1997),ACTION|THRILLER,2,Relaxed,Relaxing,21,Wednesday,Roger Donaldson,"Pierce Brosnan, Linda Hamilton",A volcanologist must convince a town near a seemingly dormant volcano that danger is imminent.
68,117,"Rock, The (1996)",ACTION|THRILLER,4,Relaxed,Relaxing,3,Thursday,Michael Bay,"Sean Connery, Nicolas Cage",A chemist and a former convict team up to infiltrate Alcatraz and stop a marine general who threatens to bomb San Francisco.
172,177,"Good, The Bad and The Ugly, The (1966)",WESTERN|ADVENTURE,4,Sad,Partying,12,Monday,Sergio Leone,"Clint Eastwood, Eli Wallach",Three men compete to find a fortune in buried gold during the Civil War.
19,4,Get Shorty (1995),COMEDY|CRIME,4,Energetic,Partying,20,Wednesday,Barry Sonnenfeld,"John Travolta, Gene Hackman",A Miami loan shark chases a debt to Hollywood, where he realizes he prefers the movie business.
268,231,Batman Returns (1992),ACTION|FANTASY,4,Happy,Working Out,22,Wednesday,Tim Burton,"Michael Keaton, Danny DeVito",Batman battles the Penguin and Catwoman, who are plotting to take over Gotham City.
5,2,GoldenEye (1995),ACTION|ADVENTURE|THRILLER,3,Relaxed,Studying,16,Tuesday,Martin Campbell,"Pierce Brosnan, Sean Bean",James Bond must stop a syndicate from using a stolen satellite weapon known as GoldenEye.
305,117,"Rock, The (1996)",ACTION|THRILLER,2,Energetic,Partying,9,Sunday,Michael Bay,"Sean Connery, Nicolas Cage",A chemist and a former convict team up to infiltrate Alcatraz and stop a marine general who threatens to bomb San Francisco.
44,294,Liar Liar (1997),COMEDY|FANTASY,4,Energetic,Studying,23,Wednesday,Tom Shadyac,"Jim Carrey, Maura Tierney",A lawyer who constantly lies finds he can't lie for 24 hours after his son makes a birthday wish.
43,137,Big Night (1996),DRAMA|COMEDY,4,Sad,Studying,14,Saturday,Campbell Scott,Stanley Tucci,"Stanley Tucci, Tony Shalhoub",Two immigrant brothers run a struggling Italian restaurant on the Jersey Shore.
279,1336,Kazaam (1996),COMEDY|FAMILY|FANTASY,1,Relaxed,Relaxing,18,Friday,Paul Michael Glaser,"Shaquille O'Neal, Francis Capra",A boy discovers a magical genie who emerges from a boom box.
80,466,Red Rock West (1992),CRIME|THRILLER,5,Relaxed,Partying,20,Friday,John Dahl,"Nicolas Cage, Dennis Hopper",A drifter is mistaken for a hitman and gets drawn into a complex web of deceit in a small town.
254,164,"Abyss, The (1989)",SCI-FI|ADVENTURE,4,Happy,Partying,2,Tuesday,James Cameron,"Ed Harris, Mary Elizabeth Mastrantonio",A team of oil rig workers is called upon to search for a sunken nuclear submarine.
298,281,"River Wild, The (1994)",ACTION|ADVENTURE|THRILLER,3,Relaxed,Working Out,14,Wednesday,Curtis Hanson,"Meryl Streep, Kevin Bacon",A family's rafting trip turns into a terrifying fight for survival when they encounter two armed criminals.
279,1240,Ghost in the Shell (Kokaku kidotai) (1995),ANIMATION|SCI-FI|ACTION,1,Happy,Relaxing,2,Friday,Mamoru Oshii,"Atsuko Tanaka, Iemasa Kayumi",A cyborg policewoman hunts a mysterious and powerful hacker in a futuristic world.
66,298,Face/Off (1997),ACTION|CRIME|THRILLER,4,Relaxed,Partying,20,Wednesday,John Woo,"John Travolta, Nicolas Cage",An FBI agent undergoes facial transplant surgery to impersonate a terrorist, only for the terrorist to do the same.
18,443,"Birds, The (1963)",HORROR|THRILLER,3,Sad,Partying,16,Friday,Alfred Hitchcock,"Tippi Hedren, Rod Taylor",A wealthy socialite pursues a potential boyfriend to a small town that is suddenly terrorized by birds.
268,1035,Cool Runnings (1993),COMEDY|FAMILY|SPORT,2,Relaxed,Working Out,14,Monday,Jon Turteltaub,"Leon, Doug E. Doug",The story of the first Jamaican bobsled team to compete in the Winter Olympics.
99,79,"Fugitive, The (1993)",ACTION|CRIME|THRILLER,4,Happy,Working Out,22,Saturday,Andrew Davis,"Harrison Ford, Tommy Lee Jones",A doctor wrongly convicted of murdering his wife escapes custody and hunts the real killer while being pursued by a U.S. Marshal.
13,98,"Silence of the Lambs, The (1991)",CRIME|DRAMA|THRILLER|HORROR,4,Happy,Studying,17,Sunday,Jonathan Demme,"Jodie Foster, Anthony Hopkins",A young FBI trainee must seek the help of an imprisoned, manipulative cannibal to catch a serial killer.
26,258,Contact (1997),SCI-FI|DRAMA,3,Sad,Relaxing,12,Tuesday,Robert Zemeckis,"Jodie Foster, Matthew McConaughey",A scientist finds undeniable evidence of alien intelligence and struggles to convince humanity to make contact.
7,455,Jackie Chan's First Strike (1996),ACTION|COMEDY,4,Relaxed,Studying,14,Tuesday,Stanley Tong,"Jackie Chan, Jackson Lou",Jackie is assigned to protect a woman suspected of stealing a nuclear warhead.
222,755,Jumanji (1995),ADVENTURE|FAMILY|FANTASY,4,Relaxed,Working Out,3,Thursday,Joe Johnston,"Robin Williams, Kirsten Dunst",Two children find a magical board game that unleashes a world of wild jungle adventures.
200,673,Cape Fear (1962),THRILLER|CRIME,5,Sad,Partying,23,Tuesday,J. Lee Thompson,"Gregory Peck, Robert Mitchum",A convicted rapist seeks revenge on the lawyer who defended him and kept a crucial piece of evidence hidden.
119,328,Conspiracy Theory (1997),THRILLER|MYSTERY,4,Relaxed,Partying,13,Wednesday,Richard Donner,"Mel Gibson, Julia Roberts",A taxi driver who spouts conspiracy theories stumbles upon a real government plot and must go on the run.
213,172,"Empire Strikes Back, The (1980)",SCI-FI|ADVENTURE|ACTION,5,Relaxed,Working Out,2,Saturday,Irvin Kershner,"Mark Hamill, Harrison Ford, Carrie Fisher",The Empire strikes back against the Rebel Alliance, and Luke trains with Yoda while Han Solo is captured.
276,322,Murder at 1600 (1997),ACTION|CRIME|MYSTERY,3,Happy,Studying,20,Saturday,Dwight H. Little,"Wesley Snipes, Diane Lane",A Washington D.C. police detective investigates a murder at the White House that is quickly covered up.
94,1217,Assassins (1995),ACTION|THRILLER,3,Relaxed,Studying,20,Saturday,Richard Donner,"Sylvester Stallone, Antonio Banderas",A veteran hitman is forced to take on a younger, ruthless rival who wants to usurp his position.
130,379,Tales From the Crypt Presents: Demon Knight (1995),HORROR|COMEDY,4,Relaxed,Working Out,14,Thursday,Ernest Dickerson,"Billy Zane, William Sadler",A demon traps several people inside a boarding house in an attempt to recover a key needed to unlock a supernatural evil.
38,328,Conspiracy Theory (1997),THRILLER|MYSTERY,4,Sad,Partying,0,Monday,Richard Donner,"Mel Gibson, Julia Roberts",A taxi driver who spouts conspiracy theories stumbles upon a real government plot and must go on the run.
160,719,Canadian Bacon (1994),COMEDY,3,Sad,Relaxing,19,Tuesday,Michael Moore,"John Candy, Alan Alda",The US President's advisors concoct a phony war with Canada to boost his approval ratings.
293,1267,Clockers (1995),CRIME|DRAMA,3,Energetic,Studying,6,Tuesday,Spike Lee,"Harvey Keitel, Mekhi Phifer",A young street-level drug dealer in Brooklyn gets involved in a murder investigation.
26,930,Chain Reaction (1996),ACTION|THRILLER,2,Happy,Relaxing,23,Tuesday,Andrew Davis,"Keanu Reeves, Morgan Freeman",A student discovers a massive energy breakthrough and is framed for the murder of his mentor.
130,216,When Harry Met Sally... (1989),ROMANCE|COMEDY,4,Relaxed,Partying,19,Thursday,Rob Reiner,"Billy Crystal, Meg Ryan",Harry and Sally discuss whether men and women can ever truly be just friends over the course of 12 years.
92,1079,Joe's Apartment (1996),COMEDY|MUSICAL|FANTASY,3,Relaxed,Working Out,18,Monday,John Payson,"Jerry O'Connell, Megan Ward",A young man moves to New York and discovers his apartment is inhabited by thousands of talking cockroaches.
256,452,Jaws 2 (1978),HORROR|THRILLER,4,Energetic,Studying,5,Monday,Jeannot Szwarc,"Roy Scheider, Lorraine Gary",Police Chief Brody must protect beachgoers from a second giant great white shark.
1,61,Three Colors: White (1994),DRAMA|COMEDY,4,Relaxed,Studying,7,Monday,Krzysztof Kieslowski,"Zbigniew Zamachowski, Julie Delpy",The second film in the Three Colors trilogy, exploring the theme of equality.
72,48,Hoop Dreams (1994),DOCUMENTARY|SPORT,4,Happy,Partying,14,Thursday,Steve James,"William Gates, Arthur Agee",A documentary following two high school basketball players in Chicago as they pursue their dreams of going pro.
56,755,Jumanji (1995),ADVENTURE|FAMILY|FANTASY,3,Energetic,Working Out,14,Saturday,Joe Johnston,"Robin Williams, Kirsten Dunst",Two children find a magical board game that unleashes a world of wild jungle adventures.
13,360,Wonderland (1997),DRAMA|CRIME,4,Happy,Studying,23,Sunday,Michael Winterbottom,"Shirley Henderson, Gina McKee",The lives of three generations of a working-class London family over the course of a few days.
15,405,Mission: Impossible (1996),ACTION|ADVENTURE|THRILLER,2,Energetic,Partying,21,Thursday,Brian De Palma,"Tom Cruise, Jon Voight",An American agent goes rogue after a mission goes wrong and tries to clear his name.
92,77,"Firm, The (1993)",THRILLER|DRAMA,3,Energetic,Studying,21,Tuesday,Sydney Pollack,"Tom Cruise, Jeanne Tripplehorn",A young lawyer joins a prestigious law firm unaware of the dangerous mob connections lurking beneath the surface.
207,476,"First Wives Club, The (1996)",COMEDY,2,Sad,Relaxing,22,Friday,Hugh Wilson,"Goldie Hawn, Bette Midler, Diane Keaton",Three divorced women plot revenge on their ex-husbands who left them for younger women.
292,174,Raiders of the Lost Ark (1981),ADVENTURE|ACTION,5,Happy,Studying,23,Tuesday,Steven Spielberg,"Harrison Ford, Karen Allen",Archaeologist Indiana Jones races against the Nazis to find the Ark of the Covenant.
232,483,Casablanca (1942),DRAMA|ROMANCE|WAR,5,Relaxed,Partying,3,Friday,Michael Curtiz,"Humphrey Bogart, Ingrid Bergman",An American nightclub owner in Casablanca is forced to choose between his love for a woman and helping her husband escape the Nazis.
251,748,"Saint, The (1997)",ACTION|THRILLER|ROMANCE,2,Relaxed,Relaxing,18,Saturday,Phillip Noyce,"Val Kilmer, Elisabeth Shue",A master thief who uses the names of Catholic saints falls for a scientist whose formula he is tasked to steal.
224,26,"Brothers McMullen, The (1995)",COMEDY|DRAMA,3,Happy,Studying,23,Saturday,Edward Burns,"Edward Burns, Mike McGlone",Three Irish-American brothers in New York struggle with their relationships, marriage, and commitment.
181,220,"Mirror Has Two Faces, The (1996)",ROMANCE|COMEDY,4,Relaxed,Studying,4,Saturday,Barbra Streisand,"Barbra Streisand, Jeff Bridges",A plain literature professor agrees to a marriage of convenience with a math professor, expecting no romance, but things become complicated.
259,255,My Best Friend's Wedding (1997),ROMANCE|COMEDY,4,Relaxed,Working Out,3,Saturday,P.J. Hogan,"Julia Roberts, Dermot Mulroney",A food critic realizes she is in love with her best friend after he announces his engagement.
305,471,Courage Under Fire (1996),WAR|DRAMA,4,Happy,Working Out,9,Sunday,Edward Zwick,"Denzel Washington, Meg Ryan",A US Army officer investigates the case of a captain nominated for the Medal of Honor, uncovering conflicting accounts of her bravery.
52,280,Up Close and Personal (1996),DRAMA|ROMANCE,3,Energetic,Studying,0,Wednesday,Jon Avnet,"Robert Redford, Michelle Pfeiffer",The story of a young woman's rise from local news reporter to national anchor.
161,202,Groundhog Day (1993),COMEDY|FANTASY|ROMANCE,5,Happy,Relaxing,11,Sunday,Harold Ramis,"Bill Murray, Andie MacDowell",A cynical weatherman is forced to relive the same day over and over again.
148,408,"Close Shave, A (1995)",ANIMATION|COMEDY|CRIME,5,Energetic,Working Out,1,Tuesday,Nick Park,"Peter Sallis (voice)",Wallace and Gromit investigate a series of sheep rustling cases.
125,235,Mars Attacks! (1996),SCI-FI|COMEDY,2,Relaxed,Working Out,18,Friday,Tim Burton,"Jack Nicholson, Glenn Close",A massive fleet of Martians invades Earth with chaotic, deadly, and hilarious results.
97,228,Star Trek: The Wrath of Khan (1982),SCI-FI|ACTION|ADVENTURE,5,Relaxed,Working Out,5,Thursday,Nicholas Meyer,"William Shatner, Leonard Nimoy",Admiral Kirk and the Enterprise crew face their greatest adversary, the genetically engineered superhuman Khan.
58,1098,Flirting With Disaster (1996),COMEDY,4,Relaxed,Partying,0,Friday,David O. Russell,"Ben Stiller, Patricia Arquette",A man sets out on a cross-country trip with his wife to find his biological parents.
83,234,Jaws (1975),HORROR|THRILLER|ADVENTURE,4,Sad,Studying,21,Monday,Steven Spielberg,"Roy Scheider, Robert Shaw",A police chief, a marine biologist, and an old fisherman hunt a massive great white shark terrorizing a beach town.
90,347,Wag the Dog (1997),COMEDY|DRAMA,4,Energetic,Relaxing,22,Tuesday,Barry Levinson,"Dustin Hoffman, Robert De Niro",A spin doctor and a Hollywood producer conspire to fabricate a war to distract the public from a presidential scandal.
272,178,12 Angry Men (1957),DRAMA,5,Sad,Relaxing,21,Thursday,Sidney Lumet,"Henry Fonda, Lee J. Cobb",A jury struggles to reach a unanimous decision in a hot, isolated deliberation room.
194,181,Return of the Jedi (1983),SCI-FI|ADVENTURE|ACTION,3,Sad,Studying,15,Friday,Richard Marquand,"Mark Hamill, Harrison Ford, Carrie Fisher",Luke Skywalker and the Rebel Alliance battle the Empire in the final confrontation.
125,478,"Philadelphia Story, The (1940)",COMEDY|ROMANCE,4,Happy,Working Out,20,Thursday,George Cukor,"Cary Grant, Katharine Hepburn",A socialite on the eve of her second marriage is unexpectedly confronted by her ex-husband and a persistent journalist.
110,688,Leave It to Beaver (1997),COMEDY|FAMILY,1,Sad,Relaxing,1,Monday,Andy Cadiff,"Christopher McDonald, Janine Turner",A modern movie adaptation of the classic 1950s television show.
299,14,"Postino, Il (1994)",DRAMA|ROMANCE,4,Happy,Partying,14,Sunday,Michael Radford,"Philippe Noiret, Massimo Troisi",A simple postman in Italy falls in love after befriending the famous Chilean poet Pablo Neruda.
151,10,Richard III (1995),DRAMA|WAR,5,Happy,Partying,16,Friday,Richard Loncraine,"Ian McKellen, Annette Bening",A 1930s-set film adaptation of Shakespeare's play about the ruthless rise to power of Richard, Duke of Gloucester.
269,127,"Godfather, The (1972)",CRIME|DRAMA,4,Sad,Relaxing,15,Wednesday,Francis Ford Coppola,"Marlon Brando, Al Pacino",The patriarch of an organized crime dynasty transfers control of his secret empire to his reluctant son.
6,14,"Postino, Il (1994)",DRAMA|ROMANCE,5,Energetic,Partying,20,Wednesday,Michael Radford,"Philippe Noiret, Massimo Troisi",A simple postman in Italy falls in love after befriending the famous Chilean poet Pablo Neruda.
54,106,Diabolique (1996),HORROR|THRILLER,3,Energetic,Studying,0,Monday,Jeremiah S. Chechik,"Sharon Stone, Isabelle Adjani",The wife and mistress of a cruel headmaster conspire to murder him.
303,69,Forrest Gump (1994),DRAMA|ROMANCE,5,Energetic,Partying,0,Friday,Robert Zemeckis,"Tom Hanks, Robin Wright",The life story of a simple man with a low IQ who accidentally influences several defining historical events.
16,944,Renaissance Man (1994),COMEDY|DRAMA,1,Energetic,Partying,21,Friday,Penny Marshall,"Danny DeVito, Gregory Hines",An advertising executive finds new purpose teaching English literature to remedial students at an Army base.
301,790,Tommy Boy (1995),COMEDY,4,Energetic,Relaxing,5,Sunday,Peter Segal,"Chris Farley, David Spade",After his father dies, a man must save the family's auto parts business from going bankrupt.
276,1091,Pete's Dragon (1977),MUSICAL|FANTASY|FAMILY,3,Sad,Partying,22,Saturday,Don Chaffey,"Helen Reddy, Mickey Rooney",An orphaned boy and his invisible dragon friend run away from their cruel adoptive family.
305,214,Pink Floyd - The Wall (1982),MUSICAL|DRAMA,2,Sad,Relaxing,8,Sunday,Alan Parker,"Bob Geldof, Christine Hargreaves",A rock star descends into madness in the face of isolation and abandonment.
194,1028,Grumpier Old Men (1995),COMEDY|ROMANCE,2,Relaxed,Working Out,20,Friday,Howard Deutch,"Walter Matthau, Jack Lemmon",The continuing rivalry between two elderly neighbors is interrupted by a beautiful new tenant who moves into town.
91,323,Dante's Peak (1997),ACTION|THRILLER,2,Energetic,Working Out,13,Wednesday,Roger Donaldson,"Pierce Brosnan, Linda Hamilton",A volcanologist must convince a town near a seemingly dormant volcano that danger is imminent.
87,554,Waterworld (1995),SCI-FI|ACTION|ADVENTURE,4,Sad,Partying,17,Tuesday,Kevin Reynolds,"Kevin Costner, Dennis Hopper",In a future where the polar ice caps have melted, a drifter helps a woman and a young girl search for dry land.